,declara,fin_declara,dato,opdec,numerico,cadena,",",id,[,num,],comienza,termina,funciones,fin_funciones,;,funcion,(,),fin_funcion,mientras,fin_mientras,si,entonces,otro_caso,fin_si,repite,hasta,lee,asig,escribe,escribe_ret,o,y,no,=,dif,mai,mei,>,<,+,-,*,/,div,mod,abs,cad,fin,PROGP,PROG,SDAT,LDATOS,DEC,TIPO,LV,VAR,PPAL,SFUN,LFUN,BLQ,FUN,PRM,INST,W,IF,REP,LEE,VARL,ASIG,VASIG,ESC,K,L,N,E,T,F,NFUN,ARGS
0,s3, , , , , , , , , , ,r3, , , , , , , , , , , , , , , , , , , , , , , , , , , , , , , , , , , , , , , ,g1,g2, , , , , , , , , , , , , , , , , , , , , , , , , , , , 
1, , , , , , , , , , , , , , , , , , , , , , , , , , , , , , , , , , , , , , , , , , , , , , , , , ,r0, , , , , , , , , , , , , , , , , , , , , , , , , , , , , , , 
2, , , , , , , , , , , ,s5, , , , , , , , , , , , , , , , , , , , , , , , , , , , , , , , , , , , , , , , , , , , , , ,g4, , , , , , , , , , , , , , , , , , , , , , 
3, , ,s8, , , , , , , , , , , , , , , , , , , , , , , , , , , , , , , , , , , , , , , , , , , , , , , , , , ,g6,g7, , , , , , , , , , , , , , , , , , , , , , , , , , 
4, , , , , , , , , , , , , ,s10, , , , , , , , , , , , , , , , , , , , , , , , , , , , , , , , , , , ,r15, , , , , , , , , ,g9, , , , , , , , , , , , , , , , , , , , , 
5, , , , , , , ,s26, , , , , , , , , , , , ,s21, ,s20, , , ,s22, ,s23, ,s24,s25, , , , , , , , , , , , , , , , , , , , , , , , , , , , , ,g11, , ,g12,g15,g14,g16,g17, ,g13,g19,g18, , , , , , , , 
6, ,s27, , , , , , , , , , , , , , , , , , , , , , , , , , , , , , , , , , , , , , , , , , , , , , , , , , , , , , , , , , , , , , , , , , , , , , , , , , , , , , , 
7, ,r4,s8, , , , , , , , , , , , , , , , , , , , , , , , , , , , , , , , , , , , , , , , , , , , , , , , , , ,g28,g7, , , , , , , , , , , , , , , , , , , , , , , , , , 
8, , , , , , , ,s31, , , , , , , , , , , , , , , , , , , , , , , , , , , , , , , , , , , , , , , , , , , , , , , , ,g29,g30, , , , , , , , , , , , , , , , , , , , , , , 
9, , , , , , , , , , , , , , , , , , , , , , , , , , , , , , , , , , , , , , , , , , , , , , , , , ,r1, , , , , , , , , , , , , , , , , , , , , , , , , , , , , , , 
10, , , , , , , , , , , , , , , , ,s34, , , , , , , , , , , , , , , , , , , , , , , , , , , , , , , , , , , , , , , , , , , ,g32, ,g33, , , , , , , , , , , , , , , , , , 
11, , , , , , , ,s26, , , , ,s35, , , , , , , ,s21, ,s20, , , ,s22, ,s23, ,s24,s25, , , , , , , , , , , , , , , , , , , , , , , , , , , , , , , , ,g36,g15,g14,g16,g17, ,g13,g19,g18, , , , , , , , 
12, , , , , , , , , , , , , , , ,s37, , , , , , , , , , , , , , , , , , , , , , , , , , , , , , , , , , , , , , , , , , , , , , , , , , , , , , , , , , , , , , , , , 
13, , , , , , , , , , , , , , , ,r24, , , , , , , , , , , , , , , , , , , , , , , , , , , , , , , , , , , , , , , , , , , , , , , , , , , , , , , , , , , , , , , , , 
14, , , , , , , , , , , , , , , ,r25, , , , , , , , , , , , , , , , , , , , , , , , , , , , , , , , , , , , , , , , , , , , , , , , , , , , , , , , , , , , , , , , , 
15, , , , , , , , , , , , , , , ,r26, , , , , , , , , , , , , , , , , , , , , , , , , , , , , , , , , , , , , , , , , , , , , , , , , , , , , , , , , , , , , , , , , 
16, , , , , , , , , , , , , , , ,r27, , , , , , , , , , , , , , , , , , , , , , , , , , , , , , , , , , , , , , , , , , , , , , , , , , , , , , , , , , , , , , , , , 
17, , , , , , , , , , , , , , , ,r28, , , , , , , , , , , , , , , , , , , , , , , , , , , , , , , , , , , , , , , , , , , , , , , , , , , , , , , , , , , , , , , , , 
18, , , , , , , , , , , , , , , ,r29, , , , , , , , , , , , , , , , , , , , , , , , , , , , , , , , , , , , , , , , , , , , , , , , , , , , , , , , , , , , , , , , , 
19, , , , , , , , , , , , , , , , , , , , , , , , , , , , , ,s38, , , , , , , , , , , , , , , , , , , , , , , , , , , , , , , , , , , , , , , , , , , , , , , , , , , 
20, , , , , , , , , , , , , , , , , ,s39, , , , , , , , , , , , , , , , , , , , , , , , , , , , , , , , , , , , , , , , , , , , , , , , , , , , , , , , , , , , , , , 
21, , , , , , , , , , , , , , , , , ,s40, , , , , , , , , , , , , , , , , , , , , , , , , , , , , , , , , , , , , , , , , , , , , , , , , , , , , , , , , , , , , , , 
22, , , , , , , ,s26, , , , , , , , , , , , ,s21, ,s20, , , ,s22, ,s23, ,s24,s25, , , , , , , , , , , , , , , , , , , , , , , , , , , , , ,g41, , ,g12,g15,g14,g16,g17, ,g13,g19,g18, , , , , , , , 
23, , , , , , , , , , , , , , , , , ,s42, , , , , , , , , , , , , , , , , , , , , , , , , , , , , , , , , , , , , , , , , , , , , , , , , , , , , , , , , , , , , , , 
24, , , , , , , , , , , , , , , , , ,s43, , , , , , , , , , , , , , , , , , , , , , , , , , , , , , , , , , , , , , , , , , , , , , , , , , , , , , , , , , , , , , , 
25, , , , , , , , , , , , , , , , , ,s44, , , , , , , , , , , , , , , , , , , , , , , , , , , , , , , , , , , , , , , , , , , , , , , , , , , , , , , , , , , , , , , 
26, , , , , , , , ,s45, , , , , , , , , , , , , , , , , , , , ,r39, , , , , , , , , , , , , , , , , , , , , , , , , , , , , , , , , , , , , , , , , , , , , , , , , , , 
27, , , , , , , , , , , ,r2, , , , , , , , , , , , , , , , , , , , , , , , , , , , , , , , , , , , , , , , , , , , , , , , , , , , , , , , , , , , , , , , , , , , , 
28, ,r5, , , , , , , , , , , , , , , , , , , , , , , , , , , , , , , , , , , , , , , , , , , , , , , , , , , , , , , , , , , , , , , , , , , , , , , , , , , , , , , 
29, , , ,s46, , , , , , , , , , , , , , , , , , , , , , , , , , , , , , , , , , , , , , , , , , , , , , , , , , , , , , , , , , , , , , , , , , , , , , , , , , , , , 
30, , , ,r9, , ,s47, , , , , , , , , , , , , , , , , , , , , , , , , , , , , , , , , , , , , , , , , , , , , , , , , , , , , , , , , , , , , , , , , , , , , , , , , , 
31, , , ,r11, , ,r11, ,s48, , , , , , , , , , , , , , , , , , , , , , , , , , , , , , , , , , , , , , , , , , , , , , , , , , , , , , , , , , , , , , , , , , , , , , , , 
32, , , , , , , , , , , , , , ,s49, , , , , , , , , , , , , , , , , , , , , , , , , , , , , , , , , , , , , , , , , , , , , , , , , , , , , , , , , , , , , , , , , , 
33, , , , , , , , , , , , , , ,r16, ,s34, , , , , , , , , , , , , , , , , , , , , , , , , , , , , , , , , , , , , , , , , , , ,g50, ,g33, , , , , , , , , , , , , , , , , , 
34, , , , ,s52,s53, , , , , , , , , , , , , , , , , , , , , , , , , , , , , , , , , , , , , , , , , , , , , , , , , ,g51, , , , , , , , , , , , , , , , , , , , , , , , , 
35, , , , , , , , , , , , , ,r13, , , , , , , , , , , , , , , , , , , , , , , , , , , , , , , , , , , ,r13, , , , , , , , , , , , , , , , , , , , , , , , , , , , , , , 
36, , , , , , , , , , , , , , , ,s54, , , , , , , , , , , , , , , , , , , , , , , , , , , , , , , , , , , , , , , , , , , , , , , , , , , , , , , , , , , , , , , , , 
37, , , , , , , ,r19, , , , ,r19, , , , , , ,r19,r19,r19,r19, ,r19,r19,r19,r19,r19, ,r19,r19, , , , , , , , , , , , , , , , , , , , , , , , , , , , , , , , , , , , , , , , , , , , , , , , , 
38, , , , , , , ,s64, ,s65, , , , , , , ,s62, , , , , , , , , , , , , , , , ,s56, , , , , , , , , , , , ,s63,s66, , , , , , , , , , , , , , , , , , , , , , , , ,g55,g57,g58,g59,g60,g61,g67, 
39, , , , , , , ,s64, ,s65, , , , , , , ,s62, , , , , , , , , , , , , , , , ,s56, , , , , , , , , , , , ,s63,s66, , , , , , , , , , , , , , , , , , , , , , , , ,g68,g57,g58,g59,g60,g61,g67, 
40, , , , , , , ,s64, ,s65, , , , , , , ,s62, , , , , , , , , , , , , , , , ,s56, , , , , , , , , , , , ,s63,s66, , , , , , , , , , , , , , , , , , , , , , , , ,g69,g57,g58,g59,g60,g61,g67, 
41, , , , , , , ,s26, , , , , , , , , , , , ,s21, ,s20, , , ,s22,s70,s23, ,s24,s25, , , , , , , , , , , , , , , , , , , , , , , , , , , , , , , , ,g36,g15,g14,g16,g17, ,g13,g19,g18, , , , , , , , 
42, , , , , , , ,s72, , , , , , , , , , , , , , , , , , , , , , , , , , , , , , , , , , , , , , , , , , , , , , , , , , , , , , , , , , , , , ,g71, , , , , , , , , , , 
43, , , , , , , ,s64, ,s65, , , , , , , ,s62, , , , , , , , , , , , , , , , ,s56, , , , , , , , , , , , ,s63,s66, , , , , , , , , , , , , , , , , , , , , , , , ,g73,g57,g58,g59,g60,g61,g67, 
44, , , , , , , ,s64, ,s65, , , , , , , ,s62, , , , , , , , , , , , , , , , ,s56, , , , , , , , , , , , ,s63,s66, , , , , , , , , , , , , , , , , , , , , , , , ,g74,g57,g58,g59,g60,g61,g67, 
45, , , , , , , ,s76, ,s75, , , , , , , , , , , , , , , , , , , , , , , , , , , , , , , , , , , , , , , , , , , , , , , , , , , , , , , , , , , , , , , , , , , , , , , 
46, , , , ,s52,s53, , , , , , , , , , , , , , , , , , , , , , , , , , , , , , , , , , , , , , , , , , , , , , , , , ,g77, , , , , , , , , , , , , , , , , , , , , , , , , 
47, , , , , , , ,s31, , , , , , , , , , , , , , , , , , , , , , , , , , , , , , , , , , , , , , , , , , , , , , , , ,g78,g30, , , , , , , , , , , , , , , , , , , , , , , 
48, , , , , , , , , ,s79, , , , , , , , , , , , , , , , , , , , , , , , , , , , , , , , , , , , , , , , , , , , , , , , , , , , , , , , , , , , , , , , , , , , , , , 
49, , , , , , , , , , , , , , , , , , , , , , , , , , , , , , , , , , , , , , , , , , , , , , , , , ,r14, , , , , , , , , , , , , , , , , , , , , , , , , , , , , , , 
50, , , , , , , , , , , , , , ,r17, , , , , , , , , , , , , , , , , , , , , , , , , , , , , , , , , , , , , , , , , , , , , , , , , , , , , , , , , , , , , , , , , , 
51, , , , , , , ,s80, , , , , , , , , , , , , , , , , , , , , , , , , , , , , , , , , , , , , , , , , , , , , , , , , , , , , , , , , , , , , , , , , , , , , , , , , 
52, ,r7,r7, , , , ,r7, , , , , , , , , , , , , , , , , , , , , , , , , , , , , , , , , , , , , , , , , , , , , , , , , , , , , , , , , , , , , , , , , , , , , , , , , 
53, ,r8,r8, , , , ,r8, , , , , , , , , , , , , , , , , , , , , , , , , , , , , , , , , , , , , , , , , , , , , , , , , , , , , , , , , , , , , , , , , , , , , , , , , 
54, , , , , , , ,r18, , , , ,r18, , , , , , ,r18,r18,r18,r18, ,r18,r18,r18,r18,r18, ,r18,r18, , , , , , , , , , , , , , , , , , , , , , , , , , , , , , , , , , , , , , , , , , , , , , , , , 
55, , , , , , , , , , , , , , , ,r38, , , , , , , , , , , , , , , , ,s81,s82, , , , , , , , , , , , , , , , , , , , , , , , , , , , , , , , , , , , , , , , , , , , , , , 
56, , , , , , , , , , , , , , , , , ,s83, , , , , , , , , , , , , , , , , , , , , , , , , , , , , , , , , , , , , , , , , , , , , , , , , , , , , , , , , , , , , , , 
57, , , , , , ,r47, , , , , , , , ,r47, , ,r47, , , , , , , , , , , , , ,r47,r47, ,s84,s85,s86,s87,s88,s89, , , , , , , , , , , , , , , , , , , , , , , , , , , , , , , , , , , , , , , , 
58, , , , , , ,r54, , , , , , , , ,r54, , ,r54, , , , , , , , , , , , , ,r54,r54, ,r54,r54,r54,r54,r54,r54, , , , , , , , , , , , , , , , , , , , , , , , , , , , , , , , , , , , , , , , 
59, , , , , , ,r55, , , , , , , , ,r55, , ,r55, , , , , , , , , , , , , ,r55,r55, ,r55,r55,r55,r55,r55,r55,s90,s91, , , , , , , , , , , , , , , , , , , , , , , , , , , , , , , , , , , , , , 
60, , , , , , ,r58, , , , , , , , ,r58, , ,r58, , , , , , , , , , , , , ,r58,r58, ,r58,r58,r58,r58,r58,r58,r58,r58,s92,s93,s94,s95, , , , , , , , , , , , , , , , , , , , , , , , , , , , , , , , , , 
61, , , , , , ,r63, , , , , , , , ,r63, , ,r63, , , , , , , , , , , , , ,r63,r63, ,r63,r63,r63,r63,r63,r63,r63,r63,r63,r63,r63,r63, , , , , , , , , , , , , , , , , , , , , , , , , , , , , , , , , , 
62, , , , , , , ,s64, ,s65, , , , , , , ,s62, , , , , , , , , , , , , , , , ,s56, , , , , , , , , , , , ,s63,s66, , , , , , , , , , , , , , , , , , , , , , , , ,g96,g57,g58,g59,g60,g61,g67, 
63, , , , , , , , , , , , , , , , , ,s97, , , , , , , , , , , , , , , , , , , , , , , , , , , , , , , , , , , , , , , , , , , , , , , , , , , , , , , , , , , , , , , 
64, , , , , , ,r66, ,s98, , , , , , ,r66, ,r72,r66, , , , , , , , , , , , , ,r66,r66, ,r66,r66,r66,r66,r66,r66,r66,r66,r66,r66,r66,r66, , , , , , , , , , , , , , , , , , , , , , , , , , , , , , , , , , 
65, , , , , , ,r69, , , , , , , , ,r69, , ,r69, , , , , , , , , , , , , ,r69,r69, ,r69,r69,r69,r69,r69,r69,r69,r69,r69,r69,r69,r69, , , , , , , , , , , , , , , , , , , , , , , , , , , , , , , , , , 
66, , , , , , ,r70, , , , , , , , ,r70, , ,r70, , , , , , , , , , , , , ,r70,r70, ,r70,r70,r70,r70,r70,r70,r70,r70,r70,r70,r70,r70, , , , , , , , , , , , , , , , , , , , , , , , , , , , , , , , , , 
67, , , , , , , , , , , , , , , , , ,s99, , , , , , , , , , , , , , , , , , , , , , , , , , , , , , , , , , , , , , , , , , , , , , , , , , , , , , , , , , , , , , , 
68, , , , , , , , , , , , , , , , , , ,s100, , , , , , , , , , , , , ,s81,s82, , , , , , , , , , , , , , , , , , , , , , , , , , , , , , , , , , , , , , , , , , , , , , , 
69, , , , , , , , , , , , , , , , , , ,s101, , , , , , , , , , , , , ,s81,s82, , , , , , , , , , , , , , , , , , , , , , , , , , , , , , , , , , , , , , , , , , , , , , , 
70, , , , , , , , , , , , , , , , , ,s102, , , , , , , , , , , , , , , , , , , , , , , , , , , , , , , , , , , , , , , , , , , , , , , , , , , , , , , , , , , , , , , 
71, , , , , , , , , , , , , , , , , , ,s103, , , , , , , , , , , , , , , , , , , , , , , , , , , , , , , , , , , , , , , , , , , , , , , , , , , , , , , , , , , , , , 
72, , , , , , , , ,s104, , , , , , , , , ,r35, , , , , , , , , , , , , , , , , , , , , , , , , , , , , , , , , , , , , , , , , , , , , , , , , , , , , , , , , , , , , , 
73, , , , , , , , , , , , , , , , , , ,s105, , , , , , , , , , , , , ,s81,s82, , , , , , , , , , , , , , , , , , , , , , , , , , , , , , , , , , , , , , , , , , , , , , , 
74, , , , , , , , , , , , , , , , , , ,s106, , , , , , , , , , , , , ,s81,s82, , , , , , , , , , , , , , , , , , , , , , , , , , , , , , , , , , , , , , , , , , , , , , , 
75, , , , , , , , , , ,s107, , , , , , , , , , , , , , , , , , , , , , , , , , , , , , , , , , , , , , , , , , , , , , , , , , , , , , , , , , , , , , , , , , , , , , 
76, , , , , , , , , , ,s108, , , , , , , , , , , , , , , , , , , , , , , , , , , , , , , , , , , , , , , , , , , , , , , , , , , , , , , , , , , , , , , , , , , , , , 
77, ,r6,r6, , , , , , , , , , , , , , , , , , , , , , , , , , , , , , , , , , , , , , , , , , , , , , , , , , , , , , , , , , , , , , , , , , , , , , , , , , , , , , 
78, , , ,r10, , , , , , , , , , , , , , , , , , , , , , , , , , , , , , , , , , , , , , , , , , , , , , , , , , , , , , , , , , , , , , , , , , , , , , , , , , , , , 
79, , , , , , , , , , ,s109, , , , , , , , , , , , , , , , , , , , , , , , , , , , , , , , , , , , , , , , , , , , , , , , , , , , , , , , , , , , , , , , , , , , , , 
80, , , , , , , , , , , , , , , , , ,s110, , , , , , , , , , , , , , , , , , , , , , , , , , , , , , , , , , , , , , , , , , , , , , , , , , , , , , , , , , , , , , , 
81, , , , , , , ,s64, ,s65, , , , , , , ,s62, , , , , , , , , , , , , , , , , , , , , , , , , , , , , ,s63,s66, , , , , , , , , , , , , , , , , , , , , , , , , ,g111,g58,g59,g60,g61,g67, 
82, , , , , , , ,s64, ,s65, , , , , , , ,s62, , , , , , , , , , , , , , , , , , , , , , , , , , , , , ,s63,s66, , , , , , , , , , , , , , , , , , , , , , , , , ,g112,g58,g59,g60,g61,g67, 
83, , , , , , , ,s64, ,s65, , , , , , , ,s62, , , , , , , , , , , , , , , , ,s56, , , , , , , , , , , , ,s63,s66, , , , , , , , , , , , , , , , , , , , , , , , ,g113,g57,g58,g59,g60,g61,g67, 
84, , , , , , , ,s64, ,s65, , , , , , , ,s62, , , , , , , , , , , , , , , , , , , , , , , , , , , , , ,s63,s66, , , , , , , , , , , , , , , , , , , , , , , , , , , ,g114,g60,g61,g67, 
85, , , , , , , ,s64, ,s65, , , , , , , ,s62, , , , , , , , , , , , , , , , , , , , , , , , , , , , , ,s63,s66, , , , , , , , , , , , , , , , , , , , , , , , , , , ,g115,g60,g61,g67, 
86, , , , , , , ,s64, ,s65, , , , , , , ,s62, , , , , , , , , , , , , , , , , , , , , , , , , , , , , ,s63,s66, , , , , , , , , , , , , , , , , , , , , , , , , , , ,g116,g60,g61,g67, 
87, , , , , , , ,s64, ,s65, , , , , , , ,s62, , , , , , , , , , , , , , , , , , , , , , , , , , , , , ,s63,s66, , , , , , , , , , , , , , , , , , , , , , , , , , , ,g117,g60,g61,g67, 
88, , , , , , , ,s64, ,s65, , , , , , , ,s62, , , , , , , , , , , , , , , , , , , , , , , , , , , , , ,s63,s66, , , , , , , , , , , , , , , , , , , , , , , , , , , ,g118,g60,g61,g67, 
89, , , , , , , ,s64, ,s65, , , , , , , ,s62, , , , , , , , , , , , , , , , , , , , , , , , , , , , , ,s63,s66, , , , , , , , , , , , , , , , , , , , , , , , , , , ,g119,g60,g61,g67, 
90, , , , , , , ,s64, ,s65, , , , , , , ,s62, , , , , , , , , , , , , , , , , , , , , , , , , , , , , ,s63,s66, , , , , , , , , , , , , , , , , , , , , , , , , , , , ,g120,g61,g67, 
91, , , , , , , ,s64, ,s65, , , , , , , ,s62, , , , , , , , , , , , , , , , , , , , , , , , , , , , , ,s63,s66, , , , , , , , , , , , , , , , , , , , , , , , , , , , ,g121,g61,g67, 
92, , , , , , , ,s64, ,s65, , , , , , , ,s62, , , , , , , , , , , , , , , , , , , , , , , , , , , , , ,s63,s66, , , , , , , , , , , , , , , , , , , , , , , , , , , , , ,g122,g67, 
93, , , , , , , ,s64, ,s65, , , , , , , ,s62, , , , , , , , , , , , , , , , , , , , , , , , , , , , , ,s63,s66, , , , , , , , , , , , , , , , , , , , , , , , , , , , , ,g123,g67, 
94, , , , , , , ,s64, ,s65, , , , , , , ,s62, , , , , , , , , , , , , , , , , , , , , , , , , , , , , ,s63,s66, , , , , , , , , , , , , , , , , , , , , , , , , , , , , ,g124,g67, 
95, , , , , , , ,s64, ,s65, , , , , , , ,s62, , , , , , , , , , , , , , , , , , , , , , , , , , , , , ,s63,s66, , , , , , , , , , , , , , , , , , , , , , , , , , , , , ,g125,g67, 
96, , , , , , , , , , , , , , , , , , ,s126, , , , , , , , , , , , , ,s81,s82, , , , , , , , , , , , , , , , , , , , , , , , , , , , , , , , , , , , , , , , , , , , , , , 
97, , , , , , , ,s64, ,s65, , , , , , , ,s62, , , , , , , , , , , , , , , , ,s56, , , , , , , , , , , , ,s63,s66, , , , , , , , , , , , , , , , , , , , , , , , ,g127,g57,g58,g59,g60,g61,g67, 
98, , , , , , , ,s129, ,s128, , , , , , , , , , , , , , , , , , , , , , , , , , , , , , , , , , , , , , , , , , , , , , , , , , , , , , , , , , , , , , , , , , , , , , , 
99, , , , , , ,r75,s64, ,s65, , , , , , , ,s62,r75, , , , , , , , , , , , , , , ,s56, , , , , , , , , , , , ,s63,s66, , , , , , , , , , , , , , , , , , , , , , , , ,g131,g57,g58,g59,g60,g61,g67,g130
100, , , , , , , , , , , , , , , , , , , , , , , ,s132, , , , , , , , , , , , , , , , , , , , , , , , , , , , , , , , , , , , , , , , , , , , , , , , , , , , , , , , , 
101, , , , , , , ,s26, , , , , , , , , , , , ,s21, ,s20, , , ,s22, ,s23, ,s24,s25, , , , , , , , , , , , , , , , , , , , , , , , , , , , , ,g133, , ,g12,g15,g14,g16,g17, ,g13,g19,g18, , , , , , , , 
102, , , , , , , ,s64, ,s65, , , , , , , ,s62, , , , , , , , , , , , , , , , ,s56, , , , , , , , , , , , ,s63,s66, , , , , , , , , , , , , , , , , , , , , , , , ,g134,g57,g58,g59,g60,g61,g67, 
103, , , , , , , , , , , , , , , ,r34, , , , , , , , , , , , , , , , , , , , , , , , , , , , , , , , , , , , , , , , , , , , , , , , , , , , , , , , , , , , , , , , , 
104, , , , , , , ,s136, ,s135, , , , , , , , , , , , , , , , , , , , , , , , , , , , , , , , , , , , , , , , , , , , , , , , , , , , , , , , , , , , , , , , , , , , , , , 
105, , , , , , , , , , , , , , , ,r42, , , , , , , , , , , , , , , , , , , , , , , , , , , , , , , , , , , , , , , , , , , , , , , , , , , , , , , , , , , , , , , , , 
106, , , , , , , , , , , , , , , ,r43, , , , , , , , , , , , , , , , , , , , , , , , , , , , , , , , , , , , , , , , , , , , , , , , , , , , , , , , , , , , , , , , , 
107, , , , , , , , , , , , , , , , , , , , , , , , , , , , , ,r40, , , , , , , , , , , , , , , , , , , , , , , , , , , , , , , , , , , , , , , , , , , , , , , , , , , 
108, , , , , , , , , , , , , , , , , , , , , , , , , , , , , ,r41, , , , , , , , , , , , , , , , , , , , , , , , , , , , , , , , , , , , , , , , , , , , , , , , , , , 
109, , , ,r12, , ,r12, , , , , , , , , , , , , , , , , , , , , , , , , , , , , , , , , , , , , , , , , , , , , , , , , , , , , , , , , , , , , , , , , , , , , , , , , , 
110, , , , ,s52,s53,r23, , , , , , , , , , , ,r23, , , , , , , , , , , , , , , , , , , , , , , , , , , , , , , , , , , , ,g138, , , , , , , ,g137, , , , , , , , , , , , , , , , , 
111, , , , , , ,r44, , , , , , , , ,r44, , ,r44, , , , , , , , , , , , , ,r44,r44, ,s84,s85,s86,s87,s88,s89, , , , , , , , , , , , , , , , , , , , , , , , , , , , , , , , , , , , , , , , 
112, , , , , , ,r45, , , , , , , , ,r45, , ,r45, , , , , , , , , , , , , ,r45,r45, ,s84,s85,s86,s87,s88,s89, , , , , , , , , , , , , , , , , , , , , , , , , , , , , , , , , , , , , , , , 
113, , , , , , , , , , , , , , , , , , ,s139, , , , , , , , , , , , , ,s81,s82, , , , , , , , , , , , , , , , , , , , , , , , , , , , , , , , , , , , , , , , , , , , , , , 
114, , , , , , ,r48, , , , , , , , ,r48, , ,r48, , , , , , , , , , , , , ,r48,r48, ,r48,r48,r48,r48,r48,r48,s90,s91, , , , , , , , , , , , , , , , , , , , , , , , , , , , , , , , , , , , , , 
115, , , , , , ,r49, , , , , , , , ,r49, , ,r49, , , , , , , , , , , , , ,r49,r49, ,r49,r49,r49,r49,r49,r49,s90,s91, , , , , , , , , , , , , , , , , , , , , , , , , , , , , , , , , , , , , , 
116, , , , , , ,r50, , , , , , , , ,r50, , ,r50, , , , , , , , , , , , , ,r50,r50, ,r50,r50,r50,r50,r50,r50,s90,s91, , , , , , , , , , , , , , , , , , , , , , , , , , , , , , , , , , , , , , 
117, , , , , , ,r51, , , , , , , , ,r51, , ,r51, , , , , , , , , , , , , ,r51,r51, ,r51,r51,r51,r51,r51,r51,s90,s91, , , , , , , , , , , , , , , , , , , , , , , , , , , , , , , , , , , , , , 
118, , , , , , ,r52, , , , , , , , ,r52, , ,r52, , , , , , , , , , , , , ,r52,r52, ,r52,r52,r52,r52,r52,r52,s90,s91, , , , , , , , , , , , , , , , , , , , , , , , , , , , , , , , , , , , , , 
119, , , , , , ,r53, , , , , , , , ,r53, , ,r53, , , , , , , , , , , , , ,r53,r53, ,r53,r53,r53,r53,r53,r53,s90,s91, , , , , , , , , , , , , , , , , , , , , , , , , , , , , , , , , , , , , , 
120, , , , , , ,r56, , , , , , , , ,r56, , ,r56, , , , , , , , , , , , , ,r56,r56, ,r56,r56,r56,r56,r56,r56,r56,r56,s92,s93,s94,s95, , , , , , , , , , , , , , , , , , , , , , , , , , , , , , , , , , 
121, , , , , , ,r57, , , , , , , , ,r57, , ,r57, , , , , , , , , , , , , ,r57,r57, ,r57,r57,r57,r57,r57,r57,r57,r57,s92,s93,s94,s95, , , , , , , , , , , , , , , , , , , , , , , , , , , , , , , , , , 
122, , , , , , ,r59, , , , , , , , ,r59, , ,r59, , , , , , , , , , , , , ,r59,r59, ,r59,r59,r59,r59,r59,r59,r59,r59,r59,r59,r59,r59, , , , , , , , , , , , , , , , , , , , , , , , , , , , , , , , , , 
123, , , , , , ,r60, , , , , , , , ,r60, , ,r60, , , , , , , , , , , , , ,r60,r60, ,r60,r60,r60,r60,r60,r60,r60,r60,r60,r60,r60,r60, , , , , , , , , , , , , , , , , , , , , , , , , , , , , , , , , , 
124, , , , , , ,r61, , , , , , , , ,r61, , ,r61, , , , , , , , , , , , , ,r61,r61, ,r61,r61,r61,r61,r61,r61,r61,r61,r61,r61,r61,r61, , , , , , , , , , , , , , , , , , , , , , , , , , , , , , , , , , 
125, , , , , , ,r62, , , , , , , , ,r62, , ,r62, , , , , , , , , , , , , ,r62,r62, ,r62,r62,r62,r62,r62,r62,r62,r62,r62,r62,r62,r62, , , , , , , , , , , , , , , , , , , , , , , , , , , , , , , , , , 
126, , , , , , ,r64, , , , , , , , ,r64, , ,r64, , , , , , , , , , , , , ,r64,r64, ,r64,r64,r64,r64,r64,r64,r64,r64,r64,r64,r64,r64, , , , , , , , , , , , , , , , , , , , , , , , , , , , , , , , , , 
127, , , , , , , , , , , , , , , , , , ,s140, , , , , , , , , , , , , ,s81,s82, , , , , , , , , , , , , , , , , , , , , , , , , , , , , , , , , , , , , , , , , , , , , , , 
128, , , , , , , , , , ,s141, , , , , , , , , , , , , , , , , , , , , , , , , , , , , , , , , , , , , , , , , , , , , , , , , , , , , , , , , , , , , , , , , , , , , , 
129, , , , , , , , , , ,s142, , , , , , , , , , , , , , , , , , , , , , , , , , , , , , , , , , , , , , , , , , , , , , , , , , , , , , , , , , , , , , , , , , , , , , 
130, , , , , , ,s144, , , , , , , , , , , ,s143, , , , , , , , , , , , , , , , , , , , , , , , , , , , , , , , , , , , , , , , , , , , , , , , , , , , , , , , , , , , , , 
131, , , , , , ,r73, , , , , , , , , , , ,r73, , , , , , , , , , , , , ,s81,s82, , , , , , , , , , , , , , , , , , , , , , , , , , , , , , , , , , , , , , , , , , , , , , , 
132, , , , , , , ,s26, , , , , , , , , , , , ,s21, ,s20, , , ,s22, ,s23, ,s24,s25, , , , , , , , , , , , , , , , , , , , , , , , , , , , , ,g145, , ,g12,g15,g14,g16,g17, ,g13,g19,g18, , , , , , , , 
133, , , , , , , ,s26, , , , , , , , , , , , ,s21,s146,s20, , , ,s22, ,s23, ,s24,s25, , , , , , , , , , , , , , , , , , , , , , , , , , , , , , , , ,g36,g15,g14,g16,g17, ,g13,g19,g18, , , , , , , , 
134, , , , , , , , , , , , , , , , , , ,s147, , , , , , , , , , , , , ,s81,s82, , , , , , , , , , , , , , , , , , , , , , , , , , , , , , , , , , , , , , , , , , , , , , , 
135, , , , , , , , , , ,s148, , , , , , , , , , , , , , , , , , , , , , , , , , , , , , , , , , , , , , , , , , , , , , , , , , , , , , , , , , , , , , , , , , , , , , 
136, , , , , , , , , , ,s149, , , , , , , , , , , , , , , , , , , , , , , , , , , , , , , , , , , , , , , , , , , , , , , , , , , , , , , , , , , , , , , , , , , , , , 
137, , , , , , ,s151, , , , , , , , , , , ,s150, , , , , , , , , , , , , , , , , , , , , , , , , , , , , , , , , , , , , , , , , , , , , , , , , , , , , , , , , , , , , , 
138, , , , , , , ,s152, , , , , , , , , , , , , , , , , , , , , , , , , , , , , , , , , , , , , , , , , , , , , , , , , , , , , , , , , , , , , , , , , , , , , , , , , 
139, , , , , , ,r46, , , , , , , , ,r46, , ,r46, , , , , , , , , , , , , ,r46,r46, , , , , , , , , , , , , , , , , , , , , , , , , , , , , , , , , , , , , , , , , , , , , , , 
140, , , , , , ,r65, , , , , , , , ,r65, , ,r65, , , , , , , , , , , , , ,r65,r65, ,r65,r65,r65,r65,r65,r65,r65,r65,r65,r65,r65,r65, , , , , , , , , , , , , , , , , , , , , , , , , , , , , , , , , , 
141, , , , , , ,r67, , , , , , , , ,r67, , ,r67, , , , , , , , , , , , , ,r67,r67, ,r67,r67,r67,r67,r67,r67,r67,r67,r67,r67,r67,r67, , , , , , , , , , , , , , , , , , , , , , , , , , , , , , , , , , 
142, , , , , , ,r68, , , , , , , , ,r68, , ,r68, , , , , , , , , , , , , ,r68,r68, ,r68,r68,r68,r68,r68,r68,r68,r68,r68,r68,r68,r68, , , , , , , , , , , , , , , , , , , , , , , , , , , , , , , , , , 
143, , , , , , ,r71, , , , , , , , ,r71, , ,r71, , , , , , , , , , , , , ,r71,r71, ,r71,r71,r71,r71,r71,r71,r71,r71,r71,r71,r71,r71, , , , , , , , , , , , , , , , , , , , , , , , , , , , , , , , , , 
144, , , , , , , ,s64, ,s65, , , , , , , ,s62, , , , , , , , , , , , , , , , ,s56, , , , , , , , , , , , ,s63,s66, , , , , , , , , , , , , , , , , , , , , , , , ,g153,g57,g58,g59,g60,g61,g67, 
145, , , , , , , ,s26, , , , , , , , , , , , ,s21, ,s20, ,s154,s155,s22, ,s23, ,s24,s25, , , , , , , , , , , , , , , , , , , , , , , , , , , , , , , , ,g36,g15,g14,g16,g17, ,g13,g19,g18, , , , , , , , 
146, , , , , , , , , , , , , , , ,r30, , , , , , , , , , , , , , , , , , , , , , , , , , , , , , , , , , , , , , , , , , , , , , , , , , , , , , , , , , , , , , , , , 
147, , , , , , , , , , , , , , , ,r33, , , , , , , , , , , , , , , , , , , , , , , , , , , , , , , , , , , , , , , , , , , , , , , , , , , , , , , , , , , , , , , , , 
148, , , , , , , , , , , , , , , , , , ,r36, , , , , , , , , , , , , , , , , , , , , , , , , , , , , , , , , , , , , , , , , , , , , , , , , , , , , , , , , , , , , , 
149, , , , , , , , , , , , , , , , , , ,r37, , , , , , , , , , , , , , , , , , , , , , , , , , , , , , , , , , , , , , , , , , , , , , , , , , , , , , , , , , , , , , 
150, , , , , , , ,s26, , , , , , , , , , , , ,s21, ,s20, , , ,s22, ,s23, ,s24,s25, , , , , , , , , , , , , , , , , , , , , , , , , , , , , ,g156, , ,g12,g15,g14,g16,g17, ,g13,g19,g18, , , , , , , , 
151, , , , ,s52,s53, , , , , , , , , , , , , , , , , , , , , , , , , , , , , , , , , , , , , , , , , , , , , , , , , ,g157, , , , , , , , , , , , , , , , , , , , , , , , , 
152, , , , , , ,r22, , , , , , , , , , , ,r22, , , , , , , , , , , , , , , , , , , , , , , , , , , , , , , , , , , , , , , , , , , , , , , , , , , , , , , , , , , , , , 
153, , , , , , ,r74, , , , , , , , , , , ,r74, , , , , , , , , , , , , ,s81,s82, , , , , , , , , , , , , , , , , , , , , , , , , , , , , , , , , , , , , , , , , , , , , , , 
154, , , , , , , ,s26, , , , , , , , , , , , ,s21, ,s20, , , ,s22, ,s23, ,s24,s25, , , , , , , , , , , , , , , , , , , , , , , , , , , , , ,g158, , ,g12,g15,g14,g16,g17, ,g13,g19,g18, , , , , , , , 
155, , , , , , , , , , , , , , , ,r32, , , , , , , , , , , , , , , , , , , , , , , , , , , , , , , , , , , , , , , , , , , , , , , , , , , , , , , , , , , , , , , , , 
156, , , , , , , ,s26, , , , , , , , , , , ,s159,s21, ,s20, , , ,s22, ,s23, ,s24,s25, , , , , , , , , , , , , , , , , , , , , , , , , , , , , , , , ,g36,g15,g14,g16,g17, ,g13,g19,g18, , , , , , , , 
157, , , , , , , ,s160, , , , , , , , , , , , , , , , , , , , , , , , , , , , , , , , , , , , , , , , , , , , , , , , , , , , , , , , , , , , , , , , , , , , , , , , , 
158, , , , , , , ,s26, , , , , , , , , , , , ,s21, ,s20, , ,s161,s22, ,s23, ,s24,s25, , , , , , , , , , , , , , , , , , , , , , , , , , , , , , , , ,g36,g15,g14,g16,g17, ,g13,g19,g18, , , , , , , , 
159, , , , , , , , , , , , , , ,r20, ,r20, , , , , , , , , , , , , , , , , , , , , , , , , , , , , , , , , , , , , , , , , , , , , , , , , , , , , , , , , , , , , , , , 
160, , , , , , ,r21, , , , , , , , , , , ,r21, , , , , , , , , , , , , , , , , , , , , , , , , , , , , , , , , , , , , , , , , , , , , , , , , , , , , , , , , , , , , , 
161, , , , , , , , , , , , , , , ,r31, , , , , , , , , , , , , , , , , , , , , , , , , , , , , , , , , , , , , , , , , , , , , , , , , , , , , , , , , , , , , , , , , 
